filename,Male
000405.jpg,1
000413.jpg,1
000815.jpg,1
001474.jpg,1
001524.jpg,1
001951.jpg,1
003137.jpg,1
004482.jpg,1
007369.jpg,1
007703.jpg,1
007844.jpg,1
009250.jpg,1
010007.jpg,1
010567.jpg,1
010628.jpg,1
010817.jpg,1
010884.jpg,1
011004.jpg,1
012004.jpg,1
012237.jpg,1
013700.jpg,1
015179.jpg,1
015193.jpg,1
015572.jpg,1
015840.jpg,1
016241.jpg,1
016725.jpg,1
016974.jpg,1
017536.jpg,1
017638.jpg,1
018080.jpg,1
018968.jpg,1
019889.jpg,1
020735.jpg,1
021658.jpg,1
021661.jpg,1
023736.jpg,1
025657.jpg,1
025868.jpg,1
027414.jpg,1
027759.jpg,1
027974.jpg,1
028255.jpg,1
028621.jpg,1
029169.jpg,1
030264.jpg,1
030504.jpg,1
031813.jpg,1
032249.jpg,1
032743.jpg,1
033905.jpg,1
035037.jpg,1
035783.jpg,1
035878.jpg,1
036139.jpg,1
036397.jpg,1
036594.jpg,1
037509.jpg,1
037952.jpg,1
039643.jpg,1
040288.jpg,1
041362.jpg,1
041440.jpg,1
041878.jpg,1
044002.jpg,1
044086.jpg,1
044178.jpg,1
044870.jpg,1
045032.jpg,1
045083.jpg,1
045605.jpg,1
045950.jpg,1
046495.jpg,1
046729.jpg,1
048076.jpg,1
048349.jpg,1
048834.jpg,1
049234.jpg,1
050016.jpg,1
050284.jpg,1
050485.jpg,1
051546.jpg,1
051957.jpg,1
053280.jpg,1
053445.jpg,1
054436.jpg,1
054929.jpg,1
055037.jpg,1
055560.jpg,1
055635.jpg,1
057218.jpg,1
057862.jpg,1
057871.jpg,1
058330.jpg,1
058359.jpg,1
058714.jpg,1
059009.jpg,1
060057.jpg,1
060163.jpg,1
060365.jpg,1
060688.jpg,1
063221.jpg,1
065654.jpg,1
065836.jpg,1
065863.jpg,1
066286.jpg,1
067158.jpg,1
067229.jpg,1
067277.jpg,1
067480.jpg,1
068716.jpg,1
070235.jpg,1
070517.jpg,1
071012.jpg,1
071031.jpg,1
071485.jpg,1
071811.jpg,1
071866.jpg,1
072047.jpg,1
073607.jpg,1
073929.jpg,1
074262.jpg,1
075993.jpg,1
076047.jpg,1
076212.jpg,1
076942.jpg,1
076951.jpg,1
076990.jpg,1
077142.jpg,1
077184.jpg,1
077700.jpg,1
078862.jpg,1
080051.jpg,1
081413.jpg,1
081753.jpg,1
081861.jpg,1
082908.jpg,1
083018.jpg,1
083084.jpg,1
083112.jpg,1
083986.jpg,1
084463.jpg,1
084476.jpg,1
084885.jpg,1
085536.jpg,1
086007.jpg,1
086669.jpg,1
086859.jpg,1
087033.jpg,1
087574.jpg,1
088122.jpg,1
088222.jpg,1
088934.jpg,1
089005.jpg,1
089204.jpg,1
089292.jpg,1
089418.jpg,1
089738.jpg,1
090091.jpg,1
090365.jpg,1
090934.jpg,1
091176.jpg,1
091236.jpg,1
091824.jpg,1
092726.jpg,1
092780.jpg,1
092878.jpg,1
094244.jpg,1
095098.jpg,1
096246.jpg,1
096410.jpg,1
097813.jpg,1
098135.jpg,1
098638.jpg,1
099310.jpg,1
100297.jpg,1
102283.jpg,1
102285.jpg,1
102616.jpg,1
102732.jpg,1
103671.jpg,1
103716.jpg,1
104457.jpg,1
105315.jpg,1
106302.jpg,1
106517.jpg,1
107676.jpg,1
107981.jpg,1
108045.jpg,1
108087.jpg,1
108124.jpg,1
108307.jpg,1
108931.jpg,1
109034.jpg,1
109174.jpg,1
109556.jpg,1
109701.jpg,1
109882.jpg,1
110118.jpg,1
111037.jpg,1
112263.jpg,1
112527.jpg,1
112619.jpg,1
113079.jpg,1
113660.jpg,1
114274.jpg,1
114519.jpg,1
114706.jpg,1
115832.jpg,1
115964.jpg,1
117829.jpg,1
117981.jpg,1
118089.jpg,1
118681.jpg,1
118765.jpg,1
118995.jpg,1
119032.jpg,1
120353.jpg,1
121558.jpg,1
122658.jpg,1
124789.jpg,1
125172.jpg,1
125192.jpg,1
125309.jpg,1
125673.jpg,1
125844.jpg,1
126005.jpg,1
126352.jpg,1
126739.jpg,1
126931.jpg,1
128162.jpg,1
128189.jpg,1
128584.jpg,1
128812.jpg,1
129152.jpg,1
129293.jpg,1
131785.jpg,1
131791.jpg,1
132050.jpg,1
132710.jpg,1
135137.jpg,1
136109.jpg,1
138412.jpg,1
139111.jpg,1
139163.jpg,1
139244.jpg,1
139459.jpg,1
139680.jpg,1
140105.jpg,1
141014.jpg,1
141020.jpg,1
141462.jpg,1
141551.jpg,1
141669.jpg,1
141747.jpg,1
143053.jpg,1
143528.jpg,1
144502.jpg,1
144515.jpg,1
145534.jpg,1
145537.jpg,1
147728.jpg,1
147973.jpg,1
149577.jpg,1
149608.jpg,1
149817.jpg,1
151044.jpg,1
151082.jpg,1
151461.jpg,1
151686.jpg,1
151810.jpg,1
152574.jpg,1
152724.jpg,1
152819.jpg,1
152839.jpg,1
153669.jpg,1
153695.jpg,1
153856.jpg,1
153933.jpg,1
154562.jpg,1
154996.jpg,1
155738.jpg,1
156569.jpg,1
158934.jpg,1
160421.jpg,1
161104.jpg,1
162709.jpg,1
163115.jpg,1
164286.jpg,1
164510.jpg,1
165746.jpg,1
165808.jpg,1
166247.jpg,1
166326.jpg,1
166372.jpg,1
168280.jpg,1
168335.jpg,1
168513.jpg,1
168608.jpg,1
169830.jpg,1
170053.jpg,1
170097.jpg,1
171002.jpg,1
171037.jpg,1
172255.jpg,1
175208.jpg,1
175413.jpg,1
175563.jpg,1
176467.jpg,1
176713.jpg,1
176773.jpg,1
177677.jpg,1
177748.jpg,1
178248.jpg,1
178599.jpg,1
179948.jpg,1
180475.jpg,1
180742.jpg,1
181494.jpg,1
181822.jpg,1
182099.jpg,1
182128.jpg,1
182476.jpg,1
183664.jpg,1
187305.jpg,1
188259.jpg,1
189010.jpg,1
189852.jpg,1
191191.jpg,1
191661.jpg,1
191874.jpg,1
192729.jpg,1
193680.jpg,1
194429.jpg,1
194528.jpg,1
195013.jpg,1
195435.jpg,1
195697.jpg,1
196530.jpg,1
197065.jpg,1
197801.jpg,1
198261.jpg,1
198408.jpg,1
198668.jpg,1
198773.jpg,1
199826.jpg,1
200225.jpg,1
200600.jpg,1
202163.jpg,1
202242.jpg,1
000420.jpg,-1
000895.jpg,-1
000976.jpg,-1
001695.jpg,-1
002146.jpg,-1
002943.jpg,-1
003175.jpg,-1
004077.jpg,-1
005978.jpg,-1
006062.jpg,-1
006645.jpg,-1
007654.jpg,-1
008438.jpg,-1
008995.jpg,-1
009002.jpg,-1
009063.jpg,-1
010644.jpg,-1
010683.jpg,-1
011024.jpg,-1
011157.jpg,-1
011288.jpg,-1
011359.jpg,-1
011468.jpg,-1
011755.jpg,-1
011943.jpg,-1
012715.jpg,-1
012746.jpg,-1
013131.jpg,-1
013701.jpg,-1
013935.jpg,-1
014189.jpg,-1
014344.jpg,-1
015297.jpg,-1
015761.jpg,-1
016218.jpg,-1
017796.jpg,-1
017843.jpg,-1
018209.jpg,-1
018551.jpg,-1
018680.jpg,-1
019433.jpg,-1
019442.jpg,-1
019454.jpg,-1
020742.jpg,-1
021020.jpg,-1
021403.jpg,-1
021614.jpg,-1
022334.jpg,-1
022588.jpg,-1
022798.jpg,-1
023192.jpg,-1
023456.jpg,-1
023979.jpg,-1
024056.jpg,-1
024314.jpg,-1
024658.jpg,-1
025297.jpg,-1
025331.jpg,-1
025859.jpg,-1
026733.jpg,-1
027559.jpg,-1
027703.jpg,-1
029279.jpg,-1
030051.jpg,-1
030807.jpg,-1
031607.jpg,-1
032528.jpg,-1
033053.jpg,-1
036043.jpg,-1
036463.jpg,-1
037498.jpg,-1
038250.jpg,-1
038271.jpg,-1
038310.jpg,-1
039883.jpg,-1
040431.jpg,-1
040434.jpg,-1
040463.jpg,-1
041769.jpg,-1
041952.jpg,-1
042437.jpg,-1
043687.jpg,-1
043878.jpg,-1
044312.jpg,-1
046025.jpg,-1
046029.jpg,-1
046657.jpg,-1
047271.jpg,-1
047856.jpg,-1
049169.jpg,-1
049353.jpg,-1
049878.jpg,-1
049914.jpg,-1
050171.jpg,-1
051079.jpg,-1
051284.jpg,-1
052008.jpg,-1
052327.jpg,-1
054391.jpg,-1
054709.jpg,-1
054762.jpg,-1
056950.jpg,-1
057169.jpg,-1
057259.jpg,-1
057391.jpg,-1
057901.jpg,-1
058186.jpg,-1
058837.jpg,-1
058862.jpg,-1
060463.jpg,-1
060699.jpg,-1
060852.jpg,-1
060924.jpg,-1
061822.jpg,-1
061946.jpg,-1
062207.jpg,-1
063236.jpg,-1
064159.jpg,-1
064424.jpg,-1
064815.jpg,-1
065717.jpg,-1
066892.jpg,-1
067046.jpg,-1
067358.jpg,-1
067970.jpg,-1
068484.jpg,-1
068820.jpg,-1
069297.jpg,-1
070635.jpg,-1
070800.jpg,-1
071037.jpg,-1
072422.jpg,-1
072427.jpg,-1
074079.jpg,-1
074160.jpg,-1
074653.jpg,-1
075726.jpg,-1
076246.jpg,-1
077729.jpg,-1
078011.jpg,-1
078126.jpg,-1
079160.jpg,-1
079914.jpg,-1
081504.jpg,-1
081639.jpg,-1
081756.jpg,-1
082534.jpg,-1
082671.jpg,-1
083388.jpg,-1
083577.jpg,-1
083705.jpg,-1
085095.jpg,-1
086269.jpg,-1
088904.jpg,-1
089153.jpg,-1
089873.jpg,-1
090387.jpg,-1
090565.jpg,-1
090769.jpg,-1
090902.jpg,-1
091150.jpg,-1
091376.jpg,-1
091892.jpg,-1
092438.jpg,-1
092442.jpg,-1
092916.jpg,-1
093447.jpg,-1
093981.jpg,-1
095454.jpg,-1
095937.jpg,-1
096886.jpg,-1
097303.jpg,-1
097521.jpg,-1
097656.jpg,-1
098544.jpg,-1
098709.jpg,-1
099064.jpg,-1
099129.jpg,-1
102878.jpg,-1
103160.jpg,-1
103178.jpg,-1
103443.jpg,-1
103522.jpg,-1
104000.jpg,-1
104474.jpg,-1
106048.jpg,-1
106852.jpg,-1
107132.jpg,-1
108860.jpg,-1
108979.jpg,-1
109111.jpg,-1
110785.jpg,-1
111819.jpg,-1
111937.jpg,-1
113050.jpg,-1
113923.jpg,-1
114430.jpg,-1
114684.jpg,-1
115117.jpg,-1
115615.jpg,-1
116149.jpg,-1
116755.jpg,-1
117192.jpg,-1
117217.jpg,-1
118134.jpg,-1
118239.jpg,-1
120689.jpg,-1
120964.jpg,-1
121893.jpg,-1
122506.jpg,-1
122614.jpg,-1
122780.jpg,-1
122982.jpg,-1
123109.jpg,-1
123985.jpg,-1
125691.jpg,-1
126674.jpg,-1
127977.jpg,-1
129043.jpg,-1
130111.jpg,-1
130266.jpg,-1
130409.jpg,-1
130519.jpg,-1
131380.jpg,-1
131747.jpg,-1
132135.jpg,-1
135142.jpg,-1
135245.jpg,-1
135683.jpg,-1
136818.jpg,-1
137770.jpg,-1
138210.jpg,-1
138498.jpg,-1
138713.jpg,-1
138837.jpg,-1
141065.jpg,-1
142728.jpg,-1
143436.jpg,-1
143439.jpg,-1
143757.jpg,-1
144085.jpg,-1
144418.jpg,-1
145007.jpg,-1
145743.jpg,-1
145812.jpg,-1
146099.jpg,-1
146344.jpg,-1
146396.jpg,-1
147211.jpg,-1
147215.jpg,-1
148066.jpg,-1
148198.jpg,-1
148390.jpg,-1
149096.jpg,-1
150605.jpg,-1
150932.jpg,-1
151195.jpg,-1
151333.jpg,-1
151731.jpg,-1
154679.jpg,-1
155459.jpg,-1
155854.jpg,-1
156532.jpg,-1
156916.jpg,-1
157558.jpg,-1
158027.jpg,-1
158475.jpg,-1
160067.jpg,-1
162744.jpg,-1
163258.jpg,-1
163564.jpg,-1
163943.jpg,-1
164746.jpg,-1
166186.jpg,-1
167175.jpg,-1
167592.jpg,-1
167716.jpg,-1
168023.jpg,-1
168219.jpg,-1
168333.jpg,-1
168942.jpg,-1
170820.jpg,-1
170920.jpg,-1
171266.jpg,-1
171531.jpg,-1
172607.jpg,-1
173417.jpg,-1
173572.jpg,-1
174839.jpg,-1
175193.jpg,-1
175856.jpg,-1
177113.jpg,-1
177543.jpg,-1
177742.jpg,-1
177759.jpg,-1
178151.jpg,-1
178667.jpg,-1
178758.jpg,-1
179059.jpg,-1
179317.jpg,-1
179492.jpg,-1
179577.jpg,-1
179998.jpg,-1
180046.jpg,-1
180930.jpg,-1
181587.jpg,-1
182184.jpg,-1
182289.jpg,-1
183035.jpg,-1
183229.jpg,-1
186493.jpg,-1
187444.jpg,-1
187603.jpg,-1
187657.jpg,-1
187996.jpg,-1
188915.jpg,-1
189319.jpg,-1
189488.jpg,-1
191280.jpg,-1
191568.jpg,-1
192215.jpg,-1
192219.jpg,-1
192229.jpg,-1
192260.jpg,-1
192281.jpg,-1
193705.jpg,-1
194077.jpg,-1
195611.jpg,-1
195656.jpg,-1
195930.jpg,-1
195972.jpg,-1
196377.jpg,-1
196894.jpg,-1
197353.jpg,-1
197650.jpg,-1
198330.jpg,-1
198651.jpg,-1
199235.jpg,-1
199335.jpg,-1
200004.jpg,-1
200183.jpg,-1
200287.jpg,-1
200447.jpg,-1
200715.jpg,-1
201553.jpg,-1
201594.jpg,-1
201774.jpg,-1
202268.jpg,-1
202339.jpg,-1
202592.jpg,-1
